{
"Cavan":{
"y2003":22.43011206,
"y2004":20.84497751,
"y2005":23.08065861,
"y2006":20.65833333,
"y2007":22.49166667,
"y2008":22.35833333,
"y2009":22.25833333,
"y2010":24.68333333,
"y2011":21.03751141,
"y2012":18.59111517,
"y2013":15.41902952,
"y2014":7.645923421
},
"Monaghan":{
"y2003":22.43011206,
"y2004":20.84497751,
"y2005":23.08065861,
"y2006":20.65833333,
"y2007":22.49166667,
"y2008":22.35833333,
"y2009":22.25833333,
"y2010":24.68333333,
"y2011":21.03751141,
"y2012":18.59111517,
"y2013":15.41902952,
"y2014":7.645923421
},
"Donegal":{
"y2003":21.01399237,
"y2004":19.80010903,
"y2005":20.23623478,
"y2006":19.80796393,
"y2007":21.28829857,
"y2008":21.91981747,
"y2009":21.9537701,
"y2010":18.63320296,
"y2011":17.48822431,
"y2012":15.38442443,
"y2013":15.08654127,
"y2014":7.471902791
},
"Sligo":{
"y2003":22.54788747,
"y2004":19.45261253,
"y2005":20.44071953,
"y2006":21.51507057,
"y2007":22.7839366,
"y2008":23.32932639,
"y2009":22.65037176,
"y2010":20.37976938,
"y2011":18.16011771,
"y2012":17.47075346,
"y2013":18.18069574,
"y2014":7.943122306
},
"Leitrim":{
"y2003":22.54788747,
"y2004":19.45261253,
"y2005":20.44071953,
"y2006":21.51507057,
"y2007":22.7839366,
"y2008":23.32932639,
"y2009":22.65037176,
"y2010":20.37976938,
"y2011":18.16011771,
"y2012":17.47075346,
"y2013":18.18069574,
"y2014":7.943122306
},
"Louth":{
"y2003":33.53925025,
"y2004":31.9384017,
"y2005":34.89456988,
"y2006":35.30705847,
"y2007":37.23475963,
"y2008":42.06997582,
"y2009":38.08856175,
"y2010":38.11552392,
"y2011":31.11548695,
"y2012":33.84134682,
"y2013":33.16598452,
"y2014":15.72861827
},
"Clare":{
"y2003":19.76238659,
"y2004":17.312664,
"y2005":17.05123116,
"y2006":18.47679135,
"y2007":20.29743128,
"y2008":23.61424065,
"y2009":21.73952231,
"y2010":22.00090131,
"y2011":17.94429844,
"y2012":17.29581214,
"y2013":16.33161541,
"y2014":7.82449913
},
"Mayo":{
"y2003":16.72257889,
"y2004":14.13415527,
"y2005":15.42836708,
"y2006":16.35187623,
"y2007":18.35447638,
"y2008":17.70040133,
"y2009":18.6209514,
"y2010":16.35995123,
"y2011":15.16404109,
"y2012":16.77153661,
"y2013":14.84254199,
"y2014":6.207994611
},
"Galway":{
"y2003":22.59454651,
"y2004":20.81051479,
"y2005":24.6416392,
"y2006":23.49462598,
"y2007":24.29317564,
"y2008":25.48884189,
"y2009":24.92769888,
"y2010":23.1795226,
"y2011":19.07018867,
"y2012":18.87070971,
"y2013":18.30019988,
"y2014":9.004480297
},
"Roscommon":{
"y2003":18.28104005,
"y2004":19.70722048,
"y2005":17.75064237,
"y2006":19.364742,
"y2007":20.98562672,
"y2008":20.34156657,
"y2009":22.33815305,
"y2010":20.67433098,
"y2011":17.63935381,
"y2012":18.59991268,
"y2013":17.5035172,
"y2014":7.742686654
},
"Longford":{
"y2003":18.28104005,
"y2004":19.70722048,
"y2005":17.75064237,
"y2006":19.364742,
"y2007":20.98562672,
"y2008":20.34156657,
"y2009":22.33815305,
"y2010":20.67433098,
"y2011":17.63935381,
"y2012":18.59991268,
"y2013":17.5035172,
"y2014":7.742686654
},
"Cork":{
"y2003":23.69654489,
"y2004":23.81266064,
"y2005":25.55886287,
"y2006":22.79682939,
"y2007":22.88617168,
"y2008":25.29218047,
"y2009":24.22838384,
"y2010":22.54126887,
"y2011":21.06999183,
"y2012":19.35140801,
"y2013":19.72518072,
"y2014":9.157431526
},
"Kerry":{
"y2003":16.07219661,
"y2004":15.4610004,
"y2005":17.80014639,
"y2006":19.02241928,
"y2007":17.59931348,
"y2008":17.3418672,
"y2009":17.16308506,
"y2010":18.41456002,
"y2011":14.76268367,
"y2012":14.19911754,
"y2013":14.3022089,
"y2014":7.291995986
},
"Limerick":{
"y2003":35.71510063,
"y2004":32.97129558,
"y2005":41.04869256,
"y2006":41.92768466,
"y2007":39.55339437,
"y2008":41.67232621,
"y2009":42.15044416,
"y2010":40.97688191,
"y2011":39.06490311,
"y2012":36.68753812,
"y2013":37.17239546,
"y2014":17.27239076
},
"Laois":{
"y2003":22.54220538,
"y2004":22.68921976,
"y2005":24.28187558,
"y2006":21.83038854,
"y2007":22.26540126,
"y2008":24.13595598,
"y2009":25.16548609,
"y2010":25.28148948,
"y2011":22.41074495,
"y2012":22.53157473,
"y2013":25.5523193,
"y2014":11.56786182
},
"Offaly":{
"y2003":22.54220538,
"y2004":22.68921976,
"y2005":24.28187558,
"y2006":21.83038854,
"y2007":22.26540126,
"y2008":24.13595598,
"y2009":25.16548609,
"y2010":25.28148948,
"y2011":22.41074495,
"y2012":22.53157473,
"y2013":25.5523193,
"y2014":11.56786182
},
"Meath":{
"y2003":19.61867095,
"y2004":20.93951718,
"y2005":22.85735607,
"y2006":22.15180156,
"y2007":23.18968747,
"y2008":24.40567214,
"y2009":26.46301994,
"y2010":25.81817958,
"y2011":24.71556195,
"y2012":22.9179678,
"y2013":21.75577701,
"y2014":11.02995085
},
"Wicklow":{
"y2003":31.24454986,
"y2004":31.18350832,
"y2005":33.66877115,
"y2006":32.25985388,
"y2007":30.22330697,
"y2008":33.42472701,
"y2009":35.64353297,
"y2010":35.75447327,
"y2011":33.01375878,
"y2012":32.20872365,
"y2013":28.62265808,
"y2014":13.45872365
},
"Westmeath":{
"y2003":32.66163823,
"y2004":29.69745888,
"y2005":34.41509644,
"y2006":33.07035011,
"y2007":33.90215008,
"y2008":31.41935321,
"y2009":29.97000479,
"y2010":31.5831926,
"y2011":28.44575461,
"y2012":28.27166798,
"y2013":28.66626433,
"y2014":13.33503551
},
"Kildare":{
"y2003":27.30810521,
"y2004":25.74049675,
"y2005":26.31996291,
"y2006":24.305686,
"y2007":29.61869751,
"y2008":29.65626426,
"y2009":30.8315668,
"y2010":28.36826146,
"y2011":28.75252007,
"y2012":27.49248735,
"y2013":25.67138347,
"y2014":11.76347522
},
"Tipperary":{
"y2003":17.6620448,
"y2004":18.09021558,
"y2005":19.33191085,
"y2006":19.37096299,
"y2007":19.89359706,
"y2008":20.01420493,
"y2009":20.2822224,
"y2010":20.67084774,
"y2011":18.4940222,
"y2012":17.75073384,
"y2013":18.9853484,
"y2014":8.100583292
},
"Wexford":{
"y2003":22.46217709,
"y2004":22.17057189,
"y2005":23.47421867,
"y2006":21.69276427,
"y2007":21.89010922,
"y2008":23.40055712,
"y2009":25.1614813,
"y2010":23.59031188,
"y2011":24.67657583,
"y2012":26.39691715,
"y2013":23.8714561,
"y2014":10.78998073
},
"Kilkenny":{
"y2003":21.85147958,
"y2004":22.0572523,
"y2005":24.91432732,
"y2006":27.0037054,
"y2007":25.54620143,
"y2008":26.81517254,
"y2009":31.44147868,
"y2010":31.27469962,
"y2011":27.29435917,
"y2012":23.95504929,
"y2013":24.70156168,
"y2014":11.23101226
},
"Carlow":{
"y2003":21.85147958,
"y2004":22.0572523,
"y2005":24.91432732,
"y2006":27.0037054,
"y2007":25.54620143,
"y2008":26.81517254,
"y2009":31.44147868,
"y2010":31.27469962,
"y2011":27.29435917,
"y2012":23.95504929,
"y2013":24.70156168,
"y2014":11.23101226
},
"Waterford":{
"y2003":35.7965848,
"y2004":32.93088846,
"y2005":35.11708979,
"y2006":36.97631552,
"y2007":36.98557813,
"y2008":39.31975436,
"y2009":38.80104853,
"y2010":38.9677754,
"y2011":35.04547651,
"y2012":35.40577354,
"y2013":32.12794938,
"y2014":14.49975834
},
"Dublin":{
"y2003":52.84724814,
"y2004":52.56759537,
"y2005":51.00545857,
"y2006":47.63994555,
"y2007":48.60189222,
"y2008":51.16090622,
"y2009":51.06488002,
"y2010":52.23909513,
"y2011":48.96828059,
"y2012":48.97535012,
"y2013":49.21335764,
"y2014":24.1605129
}
}
